"Lat","Lon","Index","Region"
53.959367595169,11.2521091418225,1,"SW Baltic"
53.959367595169,11.2521091418225,2,"SW Baltic"
53.9611207534314,11.3526500518812,3,"SW Baltic"
53.9627701200036,11.4532011108473,4,"SW Baltic"
53.9639390206713,14.4713792035688,5,"S Baltic"
53.9927481999069,14.5229963073358,6,"S Baltic"
54.0471979886215,11.1970961161412,7,"SW Baltic"
54.0523178099674,11.4995291112111,8,"SW Baltic"
54.0485657890055,14.7273042946385,9,"S Baltic"
54.0753619750881,14.8801512287223,10,"S Baltic"
54.0886261063122,13.9718774311249,11,"SW Baltic"
54.1187250063075,13.9222117918287,12,"SW Baltic"
54.13045477499,15.0855501632004,13,"S Baltic"
54.1515754234933,13.4678650390381,14,"SW Baltic"
54.15103936993,13.5690189983197,15,"SW Baltic"
54.1488037441619,13.872457072479,16,"SW Baltic"
54.1567011328673,15.2390522979893,17,"S Baltic"
54.1736409041424,11.6966097841208,18,"SW Baltic"
54.1749363324209,11.7978130117845,19,"SW Baltic"
54.1761271321171,11.8990237425518,20,"SW Baltic"
54.1788622360841,13.8226131084416,21,"SW Baltic"
54.182710152031,15.392793699198,22,"S Baltic"
54.2073413974236,12.0500132843488,23,"SW Baltic"
54.2112587141891,13.3673567558831,24,"SW Baltic"
54.2084811625302,15.546772707636,25,"S Baltic"
54.2340134986764,15.7009876452521,26,"S Baltic"
54.2410691161653,13.3169682771531,27,"SW Baltic"
54.2593064991061,15.8554368151757,28,"S Baltic"
54.2843595068428,16.0101185017615,29,"S Baltic"
54.2811938243308,16.1115294737495,30,"S Baltic"
54.2983794836464,12.301460436255,31,"SW Baltic"
54.2981954837188,13.7239382417329,32,"SW Baltic"
54.3080806118421,19.2756568156902,33,"S Baltic"
54.3349667915934,10.7744351949908,34,"SW Baltic"
54.3283744063786,12.3516839849923,35,"SW Baltic"
54.3288480591935,13.5720488523403,36,"SW Baltic"
54.3274534376217,13.77542243965,37,"SW Baltic"
54.3342956398314,19.3317675036609,38,"S Baltic"
54.3414027655992,11.0794087778998,39,"SW Baltic"
54.3473925714871,19.3598558732047,40,"S Baltic"
54.3601004493161,19.6184062199363,41,"S Baltic"
54.3657385283659,10.8233241549531,42,"SW Baltic"
54.3720234208706,11.1285875730912,43,"SW Baltic"
54.3650534677704,16.2723028825509,44,"S Baltic"
54.37347296653,19.1855665679511,45,"S Baltic"
54.3735652128742,19.4160987254612,46,"S Baltic"
54.3801418394209,19.314884380245,47,"S Baltic"
54.3894097185048,10.5668709793609,48,"SW Baltic"
54.3896866153902,13.1655574194693,49,"SW Baltic"
54.3929700292763,19.573671836361,50,"S Baltic"
54.3861267204963,19.6748726472806,51,"S Baltic"
54.396491224634,10.8723033050279,52,"SW Baltic"
54.3986410851489,10.9741418301268,53,"SW Baltic"
54.4006855836086,11.0759931623949,54,"SW Baltic"
54.4026246970081,11.177856660429,55,"SW Baltic"
54.4044584035231,11.2797316823648,56,"SW Baltic"
54.3982058240363,18.7803067470468,57,"S Baltic"
54.4063450034592,19.3711471788486,58,"S Baltic"
54.4177728544257,10.5137689033462,59,"SW Baltic"
54.417508879327,13.6245565672148,60,"SW Baltic"
54.4190267700186,19.630159022521,61,"S Baltic"
54.4349893865755,11.3291873369412,62,"SW Baltic"
54.4406425126447,10.2567019989188,63,"SW Baltic"
54.4365742604008,18.6331852737784,64,"S Baltic"
54.4476312436518,12.451426526423,65,"SW Baltic"
54.449150763189,12.9617262204195,66,"SW Baltic"
54.4491375496213,13.0637894786462,67,"SW Baltic"
54.4519125353215,19.5853570765569,68,"S Baltic"
54.4450548549556,19.6867345298212,69,"S Baltic"
54.4599879824892,11.0725653810473,70,"SW Baltic"
54.4688458901234,10.203254803457,71,"SW Baltic"
54.4690045646969,18.5873820155627,72,"S Baltic"
54.478037271253,12.6041584269389,73,"SW Baltic"
54.4787647752772,13.114923355014,74,"SW Baltic"
54.4768468507971,13.6256700185422,75,"SW Baltic"
54.4800743300443,16.3859571373143,76,"S Baltic"
54.4779711354586,19.6419534525608,77,"S Baltic"
54.4970246884776,10.1497170290952,78,"SW Baltic"
54.5074964191412,12.5526853060796,79,"SW Baltic"
54.50837034328,13.1661482971652,80,"SW Baltic"
54.5061855839775,13.6773443274961,81,"SW Baltic"
54.5079333778075,16.440009071722,82,"S Baltic"
54.5280805905625,18.5973428707019,83,"S Baltic"
54.5381264881553,13.115128620649,84,"SW Baltic"
54.535502014585,13.7291098276681,85,"SW Baltic"
54.5533081880065,10.0423691969309,86,"SW Baltic"
54.5479638224198,11.0162464512381,87,"SW Baltic"
54.549966182479,11.1185581422274,88,"SW Baltic"
54.5621690834706,11.9374291106198,89,"SW Baltic"
54.5635754112572,16.5483847795701,90,"S Baltic"
54.567861166,13.0640175527542,91,"SW Baltic"
54.5677417398087,13.1664453204763,92,"SW Baltic"
54.5675161583915,13.2688720243295,93,"SW Baltic"
54.5747622102433,19.9709402549897,94,"E Baltic"
54.567502888953,20.0726101912958,95,"E Baltic"
54.5819172022301,19.869226182014,96,"E Baltic"
54.5923941320283,11.9877217964688,97,"SW Baltic"
54.5913582153884,16.6027088145802,98,"S Baltic"
54.5875734609924,16.704995289866,99,"S Baltic"
54.5889677847073,19.7674685851384,100,"E Baltic"
54.5932972700971,20.1297841993943,101,"E Baltic"
54.5966710139314,13.4228866389103,102,"SW Baltic"
54.5961795377749,13.5253994381546,103,"SW Baltic"
54.6126154581088,10.0370770340098,104,"SW Baltic"
54.6147021945106,11.4227443828082,105,"SW Baltic"
54.6113262782893,16.8618312084081,106,"S Baltic"
54.6078976145771,18.7654411027857,107,"S Baltic"
54.61494144811,19.824441653265,108,"E Baltic"
54.6078311717517,19.9262666533117,109,"E Baltic"
54.619620596039,18.5613025988749,110,"S Baltic"
54.6271327952723,13.1667434076631,111,"SW Baltic"
54.6269067350883,13.2693535432332,112,"SW Baltic"
54.6435602875785,11.3700199167598,113,"SW Baltic"
54.638943653991,16.9164952583452,114,"S Baltic"
54.6447977279842,20.2443989212558,115,"E Baltic"
54.6467271796957,11.5752809981022,116,"SW Baltic"
54.6481510672825,11.6779255866224,117,"SW Baltic"
54.649468560501,11.7805786635315,118,"SW Baltic"
54.651784304938,11.985907650024,119,"SW Baltic"
54.6520504947372,18.5151758901757,120,"S Baltic"
54.6522368291029,20.1425296731098,121,"E Baltic"
54.6567358496413,13.2182440763146,122,"SW Baltic"
54.6595714027648,20.0406150126144,123,"E Baltic"
54.6723948851546,11.3172036250799,124,"SW Baltic"
54.6705036180049,20.3018398200156,125,"E Baltic"
54.6780028441927,20.199904375556,126,"E Baltic"
54.6863169469246,13.2698367899081,127,"SW Baltic"
54.6855440575626,13.4754193679462,128,"SW Baltic"
54.6941003335674,17.0260967585874,129,"S Baltic"
54.7012058976466,11.2642953576683,130,"SW Baltic"
54.6998726335931,19.8938254624235,131,"E Baltic"
54.7111940669769,11.9840869901706,132,"SW Baltic"
54.7054194298923,18.6274389840954,133,"S Baltic"
54.7193846274841,10.6970520896195,134,"SW Baltic"
54.7185441174795,20.0532271163764,135,"E Baltic"
54.7312878944612,10.0264357389148,136,"SW Baltic"
54.7280847233047,11.1084206702582,137,"SW Baltic"
54.7320620492316,18.6837062904591,138,"S Baltic"
54.7448119920551,17.2387719537121,139,"S Baltic"
54.7436235316889,18.4787728285177,140,"S Baltic"
54.7478701729845,10.6435315316205,141,"SW Baltic"
54.7567928927745,11.0552416921456,142,"SW Baltic"
54.7716258721688,12.0853035805851,143,"SW Baltic"
54.7722407421994,17.2939707795487,144,"S Baltic"
54.7904122512065,17.5549050247014,145,"S Baltic"
54.8028007918615,18.488621974546,146,"S Baltic"
54.8072705779757,10.6392894864886,147,"SW Baltic"
54.8128387376514,17.7132966963088,148,"S Baltic"
54.8178992306319,19.9186007000404,149,"E Baltic"
54.8305142939858,10.3792714895658,150,"SW Baltic"
54.8331799892771,10.4824158226563,151,"SW Baltic"
54.8357387604454,10.5855764865437,152,"SW Baltic"
54.8405354139221,10.7919441456082,153,"SW Baltic"
54.8449040336648,10.9983691386259,154,"SW Baltic"
54.8402674227078,9.70631311477808,155,"SW Baltic"
54.8539516636895,11.5146474131304,156,"SW Baltic"
54.8516727248666,18.1336326450544,157,"S Baltic"
54.8468875592018,9.91256265430225,158,"SW Baltic"
54.858845308461,10.3252967941353,159,"SW Baltic"
54.8641823709707,10.531770767404,160,"SW Baltic"
54.8621171553101,12.2378237150647,161,"SW Baltic"
54.8621037453185,17.9277755977493,162,"S Baltic"
54.8569413775108,18.0307203983873,163,"S Baltic"
54.8666903384368,10.635032149694,164,"SW Baltic"
54.8713850013299,10.8416003695036,165,"SW Baltic"
54.8749668899021,9.85816199153753,166,"SW Baltic"
54.881273204953,10.0646574835686,167,"SW Baltic"
54.8756511231987,11.0482247413164,168,"SW Baltic"
54.8828969765087,11.4616205188497,169,"SW Baltic"
54.8871514380161,10.2712293246275,170,"SW Baltic"
54.8951655465045,10.5812185765103,171,"SW Baltic"
54.8976225939103,10.684580719642,172,"SW Baltic"
54.8961725069572,9.59709062319677,173,"SW Baltic"
54.903020802818,9.80366861806169,174,"SW Baltic"
54.9118186319713,11.4085004431175,175,"SW Baltic"
54.9134173143415,11.5119644489291,176,"SW Baltic"
54.9209955102871,10.4238805911447,177,"SW Baltic"
54.9162924865079,11.7189209098514,178,"SW Baltic"
54.9177033103057,20.9837065154274,179,"E Baltic"
54.9261294308753,10.6307594384499,180,"SW Baltic"
54.930834115335,10.8377001160873,181,"SW Baltic"
54.9259143785717,20.88116687685,182,"E Baltic"
54.9406896436484,10.0593527629236,183,"SW Baltic"
54.9407165393552,11.3552870316632,184,"SW Baltic"
54.9423706752315,11.4588393510013,185,"SW Baltic"
54.9439173138873,11.5624017419473,186,"SW Baltic"
54.9430162183165,21.0421973301841,187,"E Baltic"
54.9546116436931,10.5768449158218,188,"SW Baltic"
54.9524186351215,12.391182338734,189,"SW Baltic"
54.9534680287216,12.5984308588453,190,"SW Baltic"
54.9570739388479,10.6803935418507,191,"SW Baltic"
54.9616761888804,10.8875356096962,192,"SW Baltic"
54.9594557101402,20.8369381057274,193,"E Baltic"
54.9658484762917,11.0947329388971,194,"SW Baltic"
54.969590607727,11.3019801303178,195,"SW Baltic"
54.9713003099595,11.4056207349701,196,"SW Baltic"
54.9729024096901,11.5092717770051,197,"SW Baltic"
54.9653908400527,20.3677186640207,198,"E Baltic"
54.9675175663117,20.7342321995318,199,"E Baltic"
54.968298304052,21.1007781359268,200,"E Baltic"
54.9830691405108,10.5228370049727,201,"SW Baltic"
54.9757837285755,11.7166024650306,202,"SW Baltic"
54.9770629143088,11.8202807559936,203,"SW Baltic"
54.9782344306985,11.9239667743373,204,"SW Baltic"
54.9804429404825,20.1620010309264,205,"E Baltic"
54.9754740398139,20.631476260749,206,"E Baltic"
54.9879989849545,10.7301210754917,207,"SW Baltic"
54.9940749396704,14.9847672311226,208,"Central Baltic"
54.9935494721267,21.1594490177399,209,"E Baltic"
55.0034137484786,11.5597979036083,210,"SW Baltic"
55.0088190219146,10.3650322976767,211,"SW Baltic"
55.0104502458148,12.182471263212,212,"SW Baltic"
55.0165445893325,10.6761912008538,213,"SW Baltic"
55.0189044834939,10.7799422283001,214,"SW Baltic"
55.0206037312439,15.1422348007103,215,"Central Baltic"
55.0187696270066,21.2182100602139,216,"E Baltic"
55.0283055916852,9.99949537193179,217,"SW Baltic"
55.0267947259012,14.830867101317,218,"Central Baltic"
55.0371700913112,10.3107520032351,219,"SW Baltic"
55.0399096177049,10.4145404322506,220,"SW Baltic"
55.0406249079371,12.2336772507499,221,"SW Baltic"
55.0420015560063,12.4414779618274,222,"SW Baltic"
55.0429058619188,9.52980625448206,223,"SW Baltic"
55.0474818307369,10.7260049001081,224,"SW Baltic"
55.0497903485318,10.829857189349,225,"SW Baltic"
55.0519910439165,10.9337237468863,226,"SW Baltic"
55.0464558843394,9.63353928130346,227,"SW Baltic"
55.0654960561113,10.2563779281929,228,"SW Baltic"
55.0699811710906,12.1809874103849,229,"SW Baltic"
55.0707783003872,12.2849774197494,230,"SW Baltic"
55.0744129592775,9.57856906485063,231,"SW Baltic"
55.0783994699603,10.7759125571226,232,"SW Baltic"
55.0948245186866,11.7119403132297,233,"SW Baltic"
55.0854955221998,20.7622371929959,234,"E Baltic"
55.1109616114826,20.8208561031138,235,"E Baltic"
55.1114216492651,21.189006903061,236,"E Baltic"
55.1093515392356,9.73136833259518,237,"SW Baltic"
55.119053975868,10.0433230369445,238,"SW Baltic"
55.1188103585765,14.6797085168221,239,"Central Baltic"
55.1190133728377,20.7176711482381,240,"E Baltic"
55.1295315413763,12.1794981616076,241,"SW Baltic"
55.1401755967423,10.8760105051183,242,"SW Baltic"
55.1423292797774,10.9801668148,243,"SW Baltic"
55.1503223942455,10.0926915698099,244,"SW Baltic"
55.1543740209155,11.7095965143446,245,"SW Baltic"
55.1588735100493,12.1266165820781,246,"SW Baltic"
55.1688237653967,10.8219571884892,247,"SW Baltic"
55.1710339111515,10.9262011768008,248,"SW Baltic"
55.170491527798,15.099861032161,249,"Central Baltic"
55.1653665284289,9.62128972279991,250,"SW Baltic"
55.182019455545,11.5519294973318,251,"SW Baltic"
55.1783571241632,14.6827670341216,252,"Central Baltic"
55.1891013338997,12.1780034873952,253,"SW Baltic"
55.2013428650721,15.0496010525165,254,"Central Baltic"
55.2076964761862,11.2896016312503,255,"SW Baltic"
55.219307794939,12.2294854263965,256,"SW Baltic"
55.2208155859275,20.9527966166606,257,"E Baltic"
55.2283693587487,10.8179855903141,258,"SW Baltic"
55.2321741963066,14.9992461722447,259,"Central Baltic"
55.2290079914431,20.8492972314997,260,"E Baltic"
55.2293612839343,21.218778239797,261,"E Baltic"
55.2283150077092,9.71945143627549,262,"SW Baltic"
55.2365775887276,11.2358006294053,263,"SW Baltic"
55.2379232092672,14.685836706794,264,"Central Baltic"
55.2544429657833,20.908241738103,265,"E Baltic"
55.2461886550292,21.0118067870693,266,"E Baltic"
55.2649581936284,14.8442371484976,267,"Central Baltic"
55.2597612951386,9.76867420810035,268,"SW Baltic"
55.2668222402637,14.7396658074319,269,"Central Baltic"
55.2879341771431,10.8139994885312,270,"SW Baltic"
55.2878252412696,9.71346037912663,271,"SW Baltic"
55.3103841081223,12.4892625274036,272,"SW Baltic"
55.3052195571308,21.0264063598194,273,"E Baltic"
55.313573256559,21.2930949738796,274,"E Baltic"
55.3188484237602,10.8643590127675,275,"SW Baltic"
55.3158631281616,9.65815152972266,276,"SW Baltic"
55.3225975386056,9.86740458732334,277,"SW Baltic"
55.3264153409484,14.7428478598987,278,"Central Baltic"
55.3305609797963,21.0856266527436,279,"E Baltic"
55.3305064278852,8.50079341189397,280,"North Sea"
55.3411187985073,13.2752692493565,281,"SW Baltic"
55.3407777207365,13.3801310921212,282,"SW Baltic"
55.3388950470864,20.9818120457152,283,"E Baltic"
55.3473680873749,21.2487653322247,284,"E Baltic"
55.3507252750304,9.81216934815034,285,"SW Baltic"
55.3645540859334,14.1675333943945,286,"Central Baltic"
55.371245725728,13.1180813056082,287,"SW Baltic"
55.3657147645462,14.062611818764,288,"Central Baltic"
55.3826798850264,11.0702968176085,289,"SW Baltic"
55.3811495921044,21.2043436434317,290,"E Baltic"
55.3753980875866,9.6520322297708,291,"SW Baltic"
55.393749703755,14.221109439549,292,"Central Baltic"
55.3896082527187,21.1003980676113,293,"E Baltic"
55.3852214514533,8.3878734778905,294,"North Sea"
55.3899636004252,8.4925549694486,295,"North Sea"
55.3995597152339,12.4353337195799,296,"SW Baltic"
55.401132045903,12.960603360992,297,"SW Baltic"
55.3987394042961,13.6959722067841,298,"SW Baltic"
55.396073561833,14.0110742262379,299,"Central Baltic"
55.4125375382455,8.33127110801991,300,"North Sea"
55.4102806824865,9.80632551301475,301,"SW Baltic"
55.4229214490095,14.2747816703409,302,"Central Baltic"
55.422032028518,8.54082413124438,303,"North Sea"
55.4283817497718,12.2771046372224,304,"SW Baltic"
55.4307769589639,12.8028369980532,305,"SW Baltic"
55.430927521906,12.9079902875829,306,"SW Baltic"
55.4349519627572,9.64589050410878,307,"SW Baltic"
55.4357733492434,10.7514241048899,308,"SW Baltic"
55.4442624398526,11.171891883745,309,"SW Baltic"
55.4401955661184,21.2193537949653,310,"E Baltic"
55.4383882588329,9.75088838414666,311,"SW Baltic"
55.4494393270366,8.48428636364284,312,"North Sea"
55.4644002315735,10.6967685294127,313,"SW Baltic"
55.4578230115533,12.223824471346,314,"SW Baltic"
55.4664696393166,9.69535533778094,315,"SW Baltic"
55.4824133898059,21.0705239573859,316,"E Baltic"
55.4904915974796,10.5367588765767,317,"SW Baltic"
55.4906013347408,12.9078211135955,318,"SW Baltic"
55.4992582358349,21.2344185910798,319,"E Baltic"
55.5077531441153,21.130102312026,320,"E Baltic"
55.5330612352241,21.1897737395996,321,"E Baltic"
55.531495112472,8.31410010372288,322,"North Sea"
55.5327315177815,9.89989250968443,323,"Skagerrak & Kattegat"
55.5408656987225,14.3849608280018,324,"Central Baltic"
55.541511589537,21.0853370789351,325,"E Baltic"
55.5477376532403,12.274441710498,326,"Skagerrak & Kattegat"
55.5495108954362,12.591034025804,327,"Skagerrak & Kattegat"
55.548699863538,8.04683008335165,328,"North Sea"
55.5616104746005,11.0596313255865,329,"Skagerrak & Kattegat"
55.5587913482134,8.2571799298979,330,"North Sea"
55.56685069,21.1450357265777,331,"E Baltic"
55.5786551388243,10.4771808785237,332,"Skagerrak & Kattegat"
55.5812285744357,10.5827206141363,333,"Skagerrak & Kattegat"
55.5836921416564,10.6882767657892,334,"Skagerrak & Kattegat"
55.5779533344485,12.3265843679145,335,"Skagerrak & Kattegat"
55.5791367796185,12.5378407429424,336,"Skagerrak & Kattegat"
55.579879899069,12.7491096849024,337,"Skagerrak & Kattegat"
55.5924471567025,11.1106512661258,338,"Skagerrak & Kattegat"
55.5986021105396,10.1052648570228,339,"Skagerrak & Kattegat"
55.6006265233387,21.1002043148291,340,"E Baltic"
55.6071552350769,10.4220418552833,341,"Skagerrak & Kattegat"
55.6081470734974,12.3788243702605,342,"Skagerrak & Kattegat"
55.6087394384753,12.4845500938123,343,"Skagerrak & Kattegat"
55.6095935685423,12.6960113522345,344,"Skagerrak & Kattegat"
55.6098553233805,12.8017454471543,345,"Skagerrak & Kattegat"
55.610006866792,12.9074808924189,346,"Skagerrak & Kattegat"
55.6212923051843,11.0560499240498,347,"Skagerrak & Kattegat"
55.6299214126309,10.1554263830632,348,"Skagerrak & Kattegat"
55.6328305550421,10.2611067044501,349,"Skagerrak & Kattegat"
55.6311208796125,14.3359096799688,350,"Central Baltic"
55.6356296883299,10.3668056791174,351,"Skagerrak & Kattegat"
55.6408977945683,10.5782567287996,352,"Skagerrak & Kattegat"
55.6399047759876,12.9603122756997,353,"Skagerrak & Kattegat"
55.64051161642,8.08584332948175,354,"North Sea"
55.6501125083561,11.001351173769,355,"Skagerrak & Kattegat"
55.6486914756001,9.78273456184257,356,"Skagerrak & Kattegat"
55.6612211660302,10.2056851129668,357,"Skagerrak & Kattegat"
55.6695866673383,12.8013789060596,358,"Skagerrak & Kattegat"
55.6768222538306,9.72686746738454,359,"Skagerrak & Kattegat"
55.6834243151363,9.93847497433328,360,"Skagerrak & Kattegat"
55.6865601585693,10.0443104474942,361,"Skagerrak & Kattegat"
55.6935376565368,21.0701342255139,362,"E Baltic"
55.6990241799746,12.6421544861716,363,"Skagerrak & Kattegat"
55.7076776979322,10.8916608050392,364,"Skagerrak & Kattegat"
55.7098207627788,10.9976521261529,365,"Skagerrak & Kattegat"
55.7323537909075,8.12507877889593,366,"North Sea"
55.752190944661,10.2509570425832,367,"Skagerrak & Kattegat"
55.7519278321879,14.234688862789,368,"Central Baltic"
55.7550022509756,10.3570465793366,369,"Skagerrak & Kattegat"
55.7602932724193,10.5692793449799,370,"Skagerrak & Kattegat"
55.767400357403,10.8877518629598,371,"Skagerrak & Kattegat"
55.7695480839828,10.9939393665506,372,"Skagerrak & Kattegat"
55.7715851153034,11.1001406583868,373,"Skagerrak & Kattegat"
55.7735114267314,11.2063550112667,374,"Skagerrak & Kattegat"
55.7776139501607,10.0891621190861,375,"Skagerrak & Kattegat"
55.7753269949673,11.3125816974512,376,"Skagerrak & Kattegat"
55.7888713170016,10.5139108182413,377,"Skagerrak & Kattegat"
55.7892595843777,12.9069658255073,378,"Skagerrak & Kattegat"
55.7864863663985,21.0398905706638,379,"E Baltic"
55.8043091748281,11.2578513847915,380,"Skagerrak & Kattegat"
55.8060712791896,11.3641824535671,381,"Skagerrak & Kattegat"
55.8116913439207,14.2369815131621,382,"Central Baltic"
55.8225045316834,10.6711040980743,383,"Skagerrak & Kattegat"
55.8403090705605,10.1901102407621,384,"Skagerrak & Kattegat"
55.8436712863295,11.948208609479,385,"Skagerrak & Kattegat"
55.8486042080138,10.509290281033,386,"Skagerrak & Kattegat"
55.8488960424366,12.8002711053368,387,"Skagerrak & Kattegat"
55.8456860345145,21.0547874956233,388,"E Baltic"
55.8621986496567,11.1480949020898,389,"Skagerrak & Kattegat"
55.8656469820897,10.0278239023002,390,"Skagerrak & Kattegat"
55.8674964680245,11.4676799530262,391,"Skagerrak & Kattegat"
55.8797646373614,10.560235195706,392,"Skagerrak & Kattegat"
55.8786794759529,12.7467753093576,393,"Skagerrak & Kattegat"
55.8911057525106,11.0930684005646,394,"Skagerrak & Kattegat"
55.8930404724526,11.1996776030628,395,"Skagerrak & Kattegat"
55.9029249855988,10.2914523301797,396,"Skagerrak & Kattegat"
55.8981771900507,11.5195770933468,397,"Skagerrak & Kattegat"
55.9007111017631,14.2937708446508,398,"Central Baltic"
55.9087042043009,12.7998990872307,399,"Skagerrak & Kattegat"
55.9219801333002,11.1446446817799,400,"Skagerrak & Kattegat"
55.9272895191565,11.4648245115855,401,"Skagerrak & Kattegat"
55.931596312281,11.7851002726642,402,"Skagerrak & Kattegat"
55.9328090266836,11.8918767253635,403,"Skagerrak & Kattegat"
55.9299236908476,14.3483582358313,404,"Central Baltic"
55.938496955428,12.7463032117905,405,"Skagerrak & Kattegat"
55.9626838397176,10.2864007254893,406,"Skagerrak & Kattegat"
55.9563770106056,11.4099725679326,407,"Skagerrak & Kattegat"
55.9594744309856,11.6236691484422,408,"Skagerrak & Kattegat"
55.962125654653,11.8374040345349,409,"Skagerrak & Kattegat"
55.9591116519248,14.4030450378623,410,"Central Baltic"
55.9681267405659,10.499997522024,411,"Skagerrak & Kattegat"
55.970681090172,10.6068223727143,412,"Skagerrak & Kattegat"
55.9678894633563,12.5856919920985,413,"Skagerrak & Kattegat"
55.9871016169965,11.4619584107448,414,"Skagerrak & Kattegat"
55.9886520225899,11.5689064481128,415,"Skagerrak & Kattegat"
55.9914178290434,11.7828317047735,416,"Skagerrak & Kattegat"
55.988274888821,14.4578314226395,417,"Central Baltic"
55.9850066138352,14.6717113722609,418,"Central Baltic"
56.017413305129,14.5127175619567,419,"Central Baltic"
56.0281121664176,12.6920330779569,420,"Skagerrak & Kattegat"
56.0303083981407,8.07956061343451,421,"North Sea"
56.0430276284101,14.7819605409428,422,"Central Baltic"
56.0535825044989,11.9949139421773,423,"Skagerrak & Kattegat"
56.0572230620684,21.0542892175632,424,"E Baltic"
56.0822580234153,10.2762408179226,425,"Skagerrak & Kattegat"
56.0840240852697,12.0476174425585,426,"Skagerrak & Kattegat"
56.0843604909474,15.6433698055367,427,"Central Baltic"
56.0786141295694,15.8577172014316,428,"Central Baltic"
56.0877247755684,10.4906352058609,429,"Skagerrak & Kattegat"
56.0875986074182,12.5841399679986,430,"Skagerrak & Kattegat"
56.0896594268405,15.4289483408281,431,"Central Baltic"
56.0870659038743,15.5361679589007,432,"Central Baltic"
56.0899538423061,8.07035503874005,433,"North Sea"
56.0989140019485,14.9999070988164,434,"Central Baltic"
56.1144434924477,12.1004213706265,435,"Skagerrak & Kattegat"
56.1070073138536,15.9140187562839,436,"Central Baltic"
56.1167589425805,12.4226305724748,437,"Skagerrak & Kattegat"
56.1232572846972,15.2702131609272,438,"Central Baltic"
56.1208289974777,15.3775583336008,439,"Central Baltic"
56.1156362755716,15.5921978360442,440,"Central Baltic"
56.1318492600744,14.8406804981221,441,"Central Baltic"
56.1298694965859,14.948084957321,442,"Central Baltic"
56.1448687284078,10.3785207940005,443,"Skagerrak & Kattegat"
56.1441803809637,15.6483279834854,444,"Central Baltic"
56.1501232176967,10.5933523288431,445,"Skagerrak & Kattegat"
56.1456694809531,12.2608272891757,446,"Skagerrak & Kattegat"
56.1468917275057,15.5409255962222,447,"Central Baltic"
56.1503480312506,21.0236541677506,448,"E Baltic"
56.177198466922,12.5291600462326,449,"Skagerrak & Kattegat"
56.1841754702943,20.9778721034377,450,"E Baltic"
56.182023099452,8.11009969408269,451,"North Sea"
56.20997493546,10.588828574639,452,"Skagerrak & Kattegat"
56.2099608538076,16.4629340411449,453,"Central Baltic"
56.2235389445227,16.0326134746959,454,"Central Baltic"
56.235996171442,10.42497643344,455,"Skagerrak & Kattegat"
56.2371097076645,12.5282740078504,456,"Skagerrak & Kattegat"
56.2417193860082,8.10090748919421,457,"North Sea"
56.2672629599275,10.4764595950647,458,"Skagerrak & Kattegat"
56.2668114022262,12.4738703049565,459,"Skagerrak & Kattegat"
56.2676863020728,12.6897126758148,460,"Skagerrak & Kattegat"
56.2679544221687,12.7976375468691,461,"Skagerrak & Kattegat"
56.2978028124889,12.7434332420781,462,"Skagerrak & Kattegat"
56.3014337279634,8.09168074430379,463,"North Sea"
56.311891210415,16.5552669154342,464,"Central Baltic"
56.3267505728718,12.4728774293082,465,"Skagerrak & Kattegat"
56.3331860215982,16.3680482843215,466,"Central Baltic"
56.3960931209314,20.9768541864536,467,"E Baltic"
56.4278000910496,10.952171769888,468,"Skagerrak & Kattegat"
56.4388317286499,16.3521239275379,469,"Central Baltic"
56.447182975569,12.5794133362124,470,"Skagerrak & Kattegat"
56.4597715117502,16.1640197710303,471,"Central Baltic"
56.4596436078702,16.6262855672455,472,"Central Baltic"
56.4554941645497,20.9919202214701,473,"E Baltic"
56.4739157151251,16.1926346079152,474,"Central Baltic"
56.4769445280799,12.5246962547861,475,"Skagerrak & Kattegat"
56.4773853694213,12.6333336935132,476,"Skagerrak & Kattegat"
56.4877543168703,10.9482883446501,477,"Skagerrak & Kattegat"
56.4987249667992,16.3584807023178,478,"Central Baltic"
56.5079915794096,12.9048469027135,479,"Skagerrak & Kattegat"
56.516648972575,10.8919879945915,480,"Skagerrak & Kattegat"
56.5382047900046,10.5092649850422,481,"Skagerrak & Kattegat"
56.5407561500759,10.6180212957325,482,"Skagerrak & Kattegat"
56.5621029133645,16.2561166417792,483,"Central Baltic"
56.5586366637678,16.3648616043706,484,"Central Baltic"
56.5729467225442,8.10400954680158,485,"North Sea"
56.5878069377013,8.42988228207244,486,"North Sea"
56.6220407243458,16.2623157173364,487,"Central Baltic"
56.620110707476,8.47992757328404,488,"North Sea"
56.6278888011111,12.7953243024981,489,"Skagerrak & Kattegat"
56.6280461018055,12.904484329263,490,"Skagerrak & Kattegat"
56.6467571079868,16.4289965644809,491,"Central Baltic"
56.6476586529713,8.42117904912373,492,"North Sea"
56.6554876165993,10.3906163002223,493,"Skagerrak & Kattegat"
56.6580071070288,12.849761061601,494,"Skagerrak & Kattegat"
56.6652376301632,8.14446362899359,495,"North Sea"
56.6786442698755,11.5921551479762,496,"Skagerrak & Kattegat"
56.6751773859526,8.36232773536477,497,"North Sea"
56.6876717150043,12.6855667104844,498,"Skagerrak & Kattegat"
56.6932616448757,21.052754023437,499,"E Baltic"
56.6953975900522,16.7631371334569,500,"Central Baltic"
56.7026668026664,8.30337348650833,501,"North Sea"
56.7175267414731,12.6305314493929,502,"Skagerrak & Kattegat"
56.7348784610425,16.4934913514361,503,"Central Baltic"
56.744111421407,10.3284089645348,504,"Skagerrak & Kattegat"
56.7553445663115,16.7703306026349,505,"Central Baltic"
56.7833328391413,16.8286691842329,506,"Central Baltic"
56.7948557092136,16.5001784504927,507,"Central Baltic"
56.7866985619664,21.0214922039334,508,"E Baltic"
56.8041380039608,10.3232922842091,509,"Skagerrak & Kattegat"
56.8074487424069,12.5745780261225,510,"Skagerrak & Kattegat"
56.8230002566878,16.558348837124,511,"Central Baltic"
56.8266734514145,16.448707934912,512,"Central Baltic"
56.8372636964497,12.5192267001254,513,"Skagerrak & Kattegat"
56.8462146171382,21.0368310988941,514,"E Baltic"
56.8499053952924,8.22608753297536,515,"North Sea"
56.8712670522219,16.8945694595633,516,"Central Baltic"
56.8717576605929,21.0989865567095,517,"E Baltic"
56.8866821972775,16.4553287870293,518,"Central Baltic"
56.8968194326798,12.4082077531999,519,"Skagerrak & Kattegat"
56.9065414784879,18.1695013982679,520,"Central Baltic"
56.9242466424646,10.3129999433856,521,"Skagerrak & Kattegat"
56.9265600139915,12.3525397384315,522,"Skagerrak & Kattegat"
56.9312596623189,16.9020556969882,523,"Central Baltic"
56.9391858520036,18.119568341835,524,"Central Baltic"
56.9748971247021,16.5203940424331,525,"Central Baltic"
56.9672789870924,16.7406728101818,526,"Central Baltic"
56.9747233028213,8.31770681594382,527,"North Sea"
56.9777943215278,23.6442358766296,528,"E Baltic"
56.9867051586749,12.3512920295749,529,"Skagerrak & Kattegat"
57.0144273312713,23.8818747117014,530,"E Baltic"
57.0071460416395,8.36825702154278,531,"Skagerrak & Kattegat"
57.0164293065723,12.2954092907705,532,"Skagerrak & Kattegat"
57.0152397090578,18.4095528041587,533,"Central Baltic"
57.0263543438731,18.1894242084151,534,"Central Baltic"
57.0331182394646,21.3646794233769,535,"E Baltic"
57.0382721360653,23.9466193765865,536,"E Baltic"
57.0395498747176,8.41891236991047,537,"Skagerrak & Kattegat"
57.046128287151,12.2394199887118,538,"Skagerrak & Kattegat"
57.0480164294726,18.3596974678386,539,"Central Baltic"
57.0553523963739,16.8067138391941,540,"Central Baltic"
57.0589702745897,23.4471421013964,541,"E Baltic"
57.0620800054059,24.0114630879247,542,"E Baltic"
57.0719347100097,8.46967310999286,543,"Skagerrak & Kattegat"
57.0926588366755,21.380796678095,544,"E Baltic"
57.0858508315809,24.0764059066833,545,"E Baltic"
57.1022482530617,18.4803911509859,546,"Central Baltic"
57.1048244468473,23.2936938454825,547,"E Baltic"
57.1043004551815,8.5205394911112,548,"Skagerrak & Kattegat"
57.1073281039088,10.4081332403834,549,"Skagerrak & Kattegat"
57.1071679793095,17.0352715633182,550,"Central Baltic"
57.1095845067457,24.1414478929976,551,"E Baltic"
57.1332809229245,24.2065891061646,552,"E Baltic"
57.138745576277,10.4610458128386,553,"Skagerrak & Kattegat"
57.135991251723,12.1817425842782,554,"Skagerrak & Kattegat"
57.1434242048256,16.8731292626131,555,"Central Baltic"
57.1398094917036,23.2490207440472,556,"E Baltic"
57.1366470176099,8.57151176295938,557,"Skagerrak & Kattegat"
57.1412378281403,8.6821456479678,558,"Skagerrak & Kattegat"
57.1500718855795,8.90350941145139,559,"Skagerrak & Kattegat"
57.1621760655762,18.490996025096,560,"Central Baltic"
57.1584421448671,9.1249957462628,561,"Skagerrak & Kattegat"
57.1624532132514,9.23578284030894,562,"Skagerrak & Kattegat"
57.1832766622545,16.5997270778516,563,"Central Baltic"
57.1822402143362,8.95495459741952,564,"Skagerrak & Kattegat"
57.1869994468561,16.488817590115,565,"Central Baltic"
57.1892479674762,18.5516267063326,566,"Central Baltic"
57.1864300462722,9.06580447336123,567,"Skagerrak & Kattegat"
57.2015159506946,10.5671922352947,568,"Skagerrak & Kattegat"
57.2035027245,16.880639705963,569,"Central Baltic"
57.1951183723171,17.102446012986,570,"Central Baltic"
57.1983023640558,9.39852785937694,571,"Skagerrak & Kattegat"
57.2152072309031,16.5477137598903,572,"Central Baltic"
57.2162888044343,18.6123631560054,573,"Central Baltic"
57.2314939236496,16.9399220932101,574,"Central Baltic"
57.2340533269147,23.2239641791755,575,"E Baltic"
57.2398457949946,10.9540948181123,576,"Skagerrak & Kattegat"
57.2396117315634,24.359052447895,577,"E Baltic"
57.2616958573155,10.5624636997981,578,"Skagerrak & Kattegat"
57.2555034375664,12.0671984754155,579,"Skagerrak & Kattegat"
57.2551960498325,17.1104136586978,580,"Central Baltic"
57.2730450294564,11.119155473309,581,"Skagerrak & Kattegat"
57.2769414691044,18.0077572342415,582,"Central Baltic"
57.2915948221303,16.9475835953875,583,"Central Baltic"
57.3041298139099,11.1730695322268,584,"Skagerrak & Kattegat"
57.3035139225655,16.6137342240125,585,"Central Baltic"
57.3043057854732,18.0681879799029,586,"Central Baltic"
57.3032499734785,18.6842323464205,587,"Central Baltic"
57.2986752702357,24.3810189742081,588,"E Baltic"
57.3095708041826,17.9570551363803,589,"Central Baltic"
57.3218941242449,10.5577167583906,590,"Skagerrak & Kattegat"
57.3312284218545,11.0039040602896,591,"Skagerrak & Kattegat"
57.3316394407667,18.1287256198008,592,"Central Baltic"
57.3302302594058,18.7453085457975,593,"Central Baltic"
57.3309788777444,21.4458870832547,594,"E Baltic"
57.3283367890467,23.1987548116882,595,"E Baltic"
57.3259151040219,9.60731920839032,596,"Skagerrak & Kattegat"
57.3351920821716,11.2270919583626,597,"Skagerrak & Kattegat"
57.3431652255204,17.1781238575913,598,"Central Baltic"
57.3571790592026,18.8064913363701,599,"Central Baltic"
57.3633216113767,23.1536507988105,600,"E Baltic"
57.3577668020718,9.65978637979833,601,"Skagerrak & Kattegat"
57.3821107254039,10.5529513034602,602,"Skagerrak & Kattegat"
57.3796841568105,17.0149095167568,603,"Central Baltic"
57.3840962638948,18.8677808575216,604,"Central Baltic"
57.3918192077174,16.6801324964159,605,"Central Baltic"
57.3916720831332,18.1387257046387,606,"Central Baltic"
57.3932463583014,24.3592969663119,607,"E Baltic"
57.4045338371659,11.8947972185094,608,"Skagerrak & Kattegat"
57.3982934930192,23.1084445566506,609,"E Baltic"
57.4109817642908,18.9291772481452,610,"Central Baltic"
57.4199496250307,16.7395945983421,611,"Central Baltic"
57.4159586281116,21.5259217806877,612,"E Baltic"
57.4423456346469,10.5481672265549,613,"Skagerrak & Kattegat"
57.4378354509823,18.9906806466372,614,"Central Baltic"
57.4437312691883,22.9528049829853,615,"E Baltic"
57.4648194951994,11.8926344041328,616,"Skagerrak & Kattegat"
57.4709573879984,18.9407626145578,617,"Central Baltic"
57.4844480174755,18.0979243826134,618,"Central Baltic"
57.477140974748,18.829188838591,619,"Central Baltic"
57.4786317438748,22.9072528872056,620,"E Baltic"
57.4816135325405,9.75871455712445,621,"Skagerrak & Kattegat"
57.5025988257613,10.5433644183743,622,"Skagerrak & Kattegat"
57.5009146660399,21.6063984791135,623,"E Baltic"
57.5101936416524,18.7790334491066,624,"Central Baltic"
57.5135189027801,22.8615974710972,625,"E Baltic"
57.5134154439487,9.81160392037472,626,"Skagerrak & Kattegat"
57.5314233382844,10.4848206118492,627,"Skagerrak & Kattegat"
57.5251236245652,11.8904631092268,628,"Skagerrak & Kattegat"
57.5445303402029,18.1079140056911,629,"Central Baltic"
57.537147611248,18.8406040321068,630,"Central Baltic"
57.5546830898942,11.8331552269938,631,"Skagerrak & Kattegat"
57.5470015710112,24.3595439313226,632,"E Baltic"
57.5451962181174,9.8646026733603,633,"Skagerrak & Kattegat"
57.5842161773087,11.7757370698095,634,"Skagerrak & Kattegat"
57.5854462000769,11.8882832838204,635,"Skagerrak & Kattegat"
57.5858463402389,21.6873205299902,636,"E Baltic"
57.5934353240828,22.6590073632505,637,"E Baltic"
57.6005223090539,16.7616318667556,638,"Central Baltic"
57.5971713232181,18.8520638657948,639,"Central Baltic"
57.6118238822133,10.0834405989548,640,"Skagerrak & Kattegat"
57.6137227810258,11.7182084347325,641,"Skagerrak & Kattegat"
57.6110969959449,21.7515158661191,642,"E Baltic"
57.6086939625319,9.97092934380125,643,"Skagerrak & Kattegat"
57.6150135163187,11.8308606193366,644,"Skagerrak & Kattegat"
57.6302548705729,18.8017367878451,645,"Central Baltic"
57.6270040328371,21.9272095543232,646,"E Baltic"
57.6282360386554,22.6128990120609,647,"E Baltic"
57.6416879179903,24.337579499378,648,"E Baltic"
57.646440763171,10.2495457773802,649,"Skagerrak & Kattegat"
57.6607489937467,16.7690353706799,650,"Central Baltic"
57.6726561128709,11.6028189196871,651,"Skagerrak & Kattegat"
57.6740686725806,11.7156829602505,652,"Skagerrak & Kattegat"
57.6676309838893,22.1677389566582,653,"E Baltic"
57.6834678272009,10.5288425002804,654,"Skagerrak & Kattegat"
57.6865768249615,18.3017960119201,655,"Central Baltic"
57.6926024754994,22.2324995606754,656,"E Baltic"
57.7138296223587,18.3632990673314,657,"Central Baltic"
57.7175379296268,22.2973657945853,658,"E Baltic"
57.7225576297584,22.585478741246,659,"E Baltic"
57.7330171513136,11.6000608341448,660,"Skagerrak & Kattegat"
57.7364151493122,24.3154789775759,661,"E Baltic"
57.7463433768928,10.6370225148162,662,"Skagerrak & Kattegat"
57.7530984873789,16.7237237526958,663,"Central Baltic"
57.7639281530028,11.6552755583411,664,"Skagerrak & Kattegat"
57.7752548137298,10.5780998020169,665,"Skagerrak & Kattegat"
57.7821068855125,22.6043448175107,666,"E Baltic"
57.7789866590426,23.2934473087239,667,"E Baltic"
57.7948155303584,11.7106020430464,668,"Skagerrak & Kattegat"
57.7979525626702,19.0616640518443,669,"Central Baltic"
57.7956370981168,24.3377189413853,670,"E Baltic"
57.8243183285442,11.6526130593791,671,"Skagerrak & Kattegat"
57.8247819075453,19.1240649774835,672,"Central Baltic"
57.8415360209784,16.79142151982,673,"Central Baltic"
57.8537941898552,11.5945118727949,674,"Skagerrak & Kattegat"
57.8832430064791,11.5362982771658,675,"Skagerrak & Kattegat"
57.8826585042523,18.6215213787106,676,"Central Baltic"
57.8904379393394,24.3155070394737,677,"E Baltic"
57.9037087369705,18.7968967672229,678,"Central Baltic"
57.9126646703254,11.4779720664938,679,"Skagerrak & Kattegat"
57.9116594142375,19.1988372691689,680,"Central Baltic"
57.9157857092182,22.1279193492637,681,"E Baltic"
57.9436663503715,11.533388880142,682,"Skagerrak & Kattegat"
57.9384242834442,19.2615924046027,683,"Central Baltic"
57.9408123739059,22.193176046498,684,"E Baltic"
57.95137362912,19.0350951882502,685,"Central Baltic"
57.9598948207509,21.968183203385,686,"E Baltic"
57.9918550202182,19.3874342533459,687,"Central Baltic"
57.9985226646962,19.2740375981237,688,"Central Baltic"
58.000494684084,22.2114070434788,689,"E Baltic"
57.996716364191,7.52924358144235,690,"Skagerrak & Kattegat"
58.0050715419251,19.1605915730827,691,"Central Baltic"
58.0224829082745,16.8140747872286,692,"Central Baltic"
58.033544197689,11.471903524321,693,"Skagerrak & Kattegat"
58.0326549032768,24.427548240125,694,"E Baltic"
58.0353379506573,7.69438250574962,695,"Skagerrak & Kattegat"
58.0682350324847,7.74603356061702,696,"Skagerrak & Kattegat"
58.0737143302789,7.85994116640506,697,"Skagerrak & Kattegat"
58.0828339278013,16.8216860627414,698,"Central Baltic"
58.0790739757406,7.97388952713858,699,"Skagerrak & Kattegat"
58.0919415805109,24.4502254450059,700,"E Baltic"
58.1044829779497,22.0693596161734,701,"E Baltic"
58.111844389726,8.02591839054416,702,"Skagerrak & Kattegat"
58.1234272907958,11.4100527162663,703,"Skagerrak & Kattegat"
58.1151100698954,23.9336569950358,704,"E Baltic"
58.1170303582242,8.14003893285835,705,"Skagerrak & Kattegat"
58.1250607996143,22.5400256798048,706,"E Baltic"
58.1445951427462,8.07806000577615,707,"Skagerrak & Kattegat"
58.1528157086493,11.3511399741155,708,"Skagerrak & Kattegat"
58.1512410365086,24.4729916231514,709,"E Baltic"
58.1497270176633,8.19231297126516,710,"Skagerrak & Kattegat"
58.1547387535756,8.30660427409201,711,"Skagerrak & Kattegat"
58.1642349048241,22.0874446333248,712,"E Baltic"
58.1629624940397,24.0680608581813,713,"E Baltic"
58.1713554834965,16.8904105906826,714,"Central Baltic"
58.174522488599,23.9554256538485,715,"E Baltic"
58.1847383035715,22.5590536778488,716,"E Baltic"
58.1869062650447,24.42814914448,717,"E Baltic"
58.1988863422196,22.0398050234308,718,"E Baltic"
58.2046053445035,22.3324749350676,719,"E Baltic"
58.199356557997,22.738495458487,720,"E Baltic"
58.2133151844793,11.3478333334889,721,"Skagerrak & Kattegat"
58.2095365191482,22.6252481157024,722,"E Baltic"
58.2195989891983,22.5119248004951,723,"E Baltic"
58.215060534869,8.29720077141356,724,"Skagerrak & Kattegat"
58.2199633138788,8.41175660072713,725,"Skagerrak & Kattegat"
58.2317458720455,16.89821230648,726,"Central Baltic"
58.2275697467523,17.0129180866374,727,"Central Baltic"
58.2335228251285,21.9920559640142,728,"E Baltic"
58.2429259735738,21.8784393578338,729,"E Baltic"
58.2462383860008,24.4509436185745,730,"E Baltic"
58.2525452817419,8.46450335345173,731,"Skagerrak & Kattegat"
58.2598723036372,16.9595389559992,732,"Central Baltic"
58.2556308941105,17.0743430802902,733,"Central Baltic"
58.2590209262597,22.7579634010779,734,"E Baltic"
58.257880732003,24.0447283377683,735,"E Baltic"
58.2700453611835,24.225258931286,736,"E Baltic"
58.2774989850216,21.8304351451633,737,"E Baltic"
58.2879680601181,17.0209801035847,738,"Central Baltic"
58.293386840205,23.999220841594,739,"E Baltic"
58.2938283070483,24.2929843647564,740,"E Baltic"
58.3176480967044,8.57033943724213,741,"Skagerrak & Kattegat"
58.3325540964665,11.2258553057767,742,"Skagerrak & Kattegat"
58.3326913076548,19.2860429379562,743,"Central Baltic"
58.3292155125015,24.5418291912574,744,"E Baltic"
58.3403305315904,23.8403054152974,745,"E Baltic"
58.3516638662507,23.7269190375552,746,"E Baltic"
58.3532201042458,24.3155929551238,747,"E Baltic"
58.359461243169,19.3497558758465,748,"Central Baltic"
58.3625900025,21.9140879950312,749,"E Baltic"
58.3649406336715,24.4968027677859,750,"E Baltic"
58.371917451508,21.7999589976124,751,"E Baltic"
58.3769565733826,24.3835773558649,752,"E Baltic"
58.3826687519576,8.67663416325463,753,"Skagerrak & Kattegat"
58.3870530078542,23.680894254877,754,"E Baltic"
58.3994917965738,19.1837683551686,755,"Central Baltic"
58.4130222589794,16.9218060391245,756,"Central Baltic"
58.4224442081235,21.9320190089034,757,"E Baltic"
58.4202107766738,23.3397757762947,758,"E Baltic"
58.4151480189654,8.72995422036621,759,"Skagerrak & Kattegat"
58.4536710449828,11.2186825970829,760,"Skagerrak & Kattegat"
58.4476064445197,8.78338978280926,761,"Skagerrak & Kattegat"
58.452001607927,8.898909249661,762,"Skagerrak & Kattegat"
58.4570715128817,21.883788975543,763,"E Baltic"
58.4554478108138,23.2931896257869,764,"E Baltic"
58.4728235991221,22.0645239116881,765,"E Baltic"
58.4848892589121,11.274832350928,766,"Skagerrak & Kattegat"
58.4798292816517,23.360585388526,767,"E Baltic"
58.4819911519168,23.6561589996296,768,"E Baltic"
58.484383217042,8.95259342565011,769,"Skagerrak & Kattegat"
58.5142564906779,11.2150744567663,770,"Skagerrak & Kattegat"
58.5169585861489,21.9017159916437,771,"E Baltic"
58.5150855129312,23.3139309033716,772,"E Baltic"
58.517373136925,23.6098499633006,773,"E Baltic"
58.5339605736549,16.9376942526588,774,"Central Baltic"
58.5421967766617,21.9680965468902,775,"E Baltic"
58.5481143122177,22.2641172436822,776,"E Baltic"
58.5527416849928,23.5634313002515,777,"E Baltic"
58.5637984366594,23.4491352438934,778,"E Baltic"
58.5748598818755,11.2114516746314,779,"Skagerrak & Kattegat"
58.5662749308525,16.88368590565,780,"Central Baltic"
58.5944558592521,16.9456866562534,781,"Central Baltic"
58.5985678058495,16.8295606558548,782,"Central Baltic"
58.5981211584932,22.3977379652961,783,"E Baltic"
58.5991068732067,23.4024541363632,784,"E Baltic"
58.6226056529642,17.0078044955319,785,"Central Baltic"
58.623438129911,23.470263778668,786,"E Baltic"
58.627647171022,22.7616203956431,787,"E Baltic"
58.6354811919061,11.2078141614015,788,"Skagerrak & Kattegat"
58.6507241956049,17.0700396090412,789,"Central Baltic"
58.6463571187545,17.1863340977987,790,"Central Baltic"
58.647977326739,22.5318064141963,791,"E Baltic"
58.6559718301526,23.1262092481759,792,"E Baltic"
58.6587658557531,23.4235142600238,793,"E Baltic"
58.6728486088724,22.5990087802493,794,"E Baltic"
58.6665783711406,23.0113589469434,795,"E Baltic"
58.6829057682414,22.4839115327854,796,"E Baltic"
58.6830911901946,23.4914769728999,797,"E Baltic"
58.7023668363747,17.3113574205379,798,"Central Baltic"
58.6977437061777,17.4278167394791,799,"Central Baltic"
58.7049493440787,23.2617462816489,800,"E Baltic"
58.7068670607826,17.1948623989392,801,"Central Baltic"
58.7178193169866,22.4359041965623,802,"E Baltic"
58.725479358639,11.1439095131863,803,"Skagerrak & Kattegat"
58.730324147162,17.3740455724547,804,"Central Baltic"
58.7384833897302,17.9032539259407,805,"Central Baltic"
58.7427575647028,23.5127753305898,806,"E Baltic"
58.7713010736475,17.8499322345379,807,"Central Baltic"
58.7719522690681,22.8689414168346,808,"E Baltic"
58.7670376978982,23.5810032209282,809,"E Baltic"
58.7822960640871,22.7535521453006,810,"E Baltic"
58.7989602632236,17.9132704026231,811,"Central Baltic"
58.8140044760848,17.5628181733454,812,"Central Baltic"
58.8134764611574,23.4188899039305,813,"E Baltic"
58.8447876980868,11.0189987167868,814,"Skagerrak & Kattegat"
58.8368747365533,17.742934822529,815,"Central Baltic"
58.8378229207994,23.4872036399788,816,"E Baltic"
58.8354447538088,9.43372917734707,817,"Skagerrak & Kattegat"
58.8468246274427,11.1363059911207,818,"Skagerrak & Kattegat"
58.8487839625278,18.1572324420598,819,"Central Baltic"
58.8488150642796,23.3717791874247,820,"E Baltic"
58.8573227955532,22.2427437123341,821,"E Baltic"
58.8740664568944,10.9582605341777,822,"Skagerrak & Kattegat"
58.8696305110042,17.6892585049284,823,"Central Baltic"
58.8670159936274,22.12681126329,824,"E Baltic"
58.8731947724401,23.4401357239279,825,"E Baltic"
58.8676229116329,9.48869216204817,826,"Skagerrak & Kattegat"
58.8823956365225,22.3101777784067,827,"E Baltic"
58.8973949172967,17.7526567905669,828,"Central Baltic"
58.9037367916453,18.2849308313809,829,"Central Baltic"
58.9018044588931,22.0780844356188,830,"E Baltic"
58.8960550641101,9.42641581091762,831,"Skagerrak & Kattegat"
58.914679010468,18.0506371811764,832,"Central Baltic"
58.9085526681803,23.3929552726969,833,"E Baltic"
58.9311634242376,18.3489579093546,834,"Central Baltic"
58.9319122563539,9.59897690903448,835,"Skagerrak & Kattegat"
58.9368738169379,11.0717262041492,836,"Skagerrak & Kattegat"
58.9365773447502,22.0292429382847,837,"E Baltic"
58.9521233128985,22.2129906348351,838,"E Baltic"
58.9547464461303,23.2297709695477,839,"E Baltic"
58.958556709054,18.4131038035198,840,"Central Baltic"
58.9617896267033,22.0966763677597,841,"E Baltic"
58.964023231163,9.6542992476326,842,"Skagerrak & Kattegat"
58.9697721361197,18.1784222193985,843,"Central Baltic"
58.9673661887383,22.3969298785848,844,"E Baltic"
58.9683035441966,23.4142170491368,845,"E Baltic"
58.9708658226305,9.88963903380757,846,"Skagerrak & Kattegat"
58.9772257458021,22.2806160038617,847,"E Baltic"
58.9859165259201,18.4773686836677,848,"Central Baltic"
58.9972689628565,18.2424935400006,849,"Central Baltic"
58.9961115989765,9.709741947779,850,"Skagerrak & Kattegat"
58.9995369208737,9.82753253355592,851,"Skagerrak & Kattegat"
59.0060134285961,10.0631932678448,852,"Skagerrak & Kattegat"
59.0247324718378,18.3066842927315,853,"Central Baltic"
59.02171083794,22.8335639240236,854,"E Baltic"
59.0269245520345,11.0067517984341,855,"Skagerrak & Kattegat"
59.0289758814339,11.1247832227219,856,"Skagerrak & Kattegat"
59.0273160145211,22.4162118037019,857,"E Baltic"
59.032029689084,22.7171841533179,858,"E Baltic"
59.0379034121126,10.1191585979538,859,"Skagerrak & Kattegat"
59.0408956090992,10.237159929043,860,"Skagerrak & Kattegat"
59.0464109337939,18.4886485698162,861,"Central Baltic"
59.0523036061986,22.4841824409007,862,"E Baltic"
59.0583387219149,11.0637703475226,863,"Skagerrak & Kattegat"
59.0577900166707,18.2532952848537,864,"Central Baltic"
59.0634500802115,23.3881308842827,865,"E Baltic"
59.0727032749365,10.2933796720956,866,"Skagerrak & Kattegat"
59.0737385846258,18.5531753755907,867,"Central Baltic"
59.0772526730085,22.5522683723017,868,"E Baltic"
59.0854906952434,10.8843780172384,869,"Skagerrak & Kattegat"
59.1044874092949,10.3497209541419,870,"Skagerrak & Kattegat"
59.1021630924012,22.6204696987233,871,"E Baltic"
59.1072360275609,10.4680114285218,872,"Skagerrak & Kattegat"
59.114729465042,10.8230084534407,873,"Skagerrak & Kattegat"
59.1190977151818,11.0597677589708,874,"Skagerrak & Kattegat"
59.1210935292469,11.1781727795442,875,"Skagerrak & Kattegat"
59.1342509142289,18.5646450697083,876,"Central Baltic"
59.1462509027196,10.8800007073894,877,"Skagerrak & Kattegat"
59.1504986347779,11.1170219197944,878,"Skagerrak & Kattegat"
59.1476352717236,23.4785216989607,879,"E Baltic"
59.1555181551032,18.7474753000776,880,"Central Baltic"
59.167984646962,10.4627692764554,881,"Skagerrak & Kattegat"
59.1674493451862,18.5113478628627,882,"Central Baltic"
59.175495790436,10.8184997406134,883,"Skagerrak & Kattegat"
59.1996975311014,10.5194768880582,884,"Skagerrak & Kattegat"
59.2047108949362,10.7568761900943,885,"Skagerrak & Kattegat"
59.2006276096532,18.4579300501109,886,"Central Baltic"
59.2098671661545,18.8776098539683,887,"Central Baltic"
59.2220760413388,18.6410970973642,888,"Central Baltic"
59.2160339738781,18.7593780932286,889,"Central Baltic"
59.2317810285785,23.5694318394722,890,"E Baltic"
59.2432265770742,18.8245304705691,891,"Central Baltic"
59.2493382201397,18.7061530508001,892,"Central Baltic"
59.264078473859,19.0082269825933,893,"N Baltic"
59.2560832455342,23.6388473528341,894,"Gulf of Finland"
59.2703847676438,18.889803813055,895,"N Baltic"
59.2783053910612,23.4047227595302,896,"Gulf of Finland"
59.2931255757952,23.8950915967607,897,"Gulf of Finland"
59.2975084226252,18.9551982879808,898,"N Baltic"
59.3045668542889,23.778024033688,899,"Gulf of Finland"
59.3137172188096,23.3568450047401,900,"Gulf of Finland"
59.3055957116424,24.0819663457192,901,"Gulf of Finland"
59.3172325865233,23.9649222153245,902,"Gulf of Finland"
59.3263082632102,10.7475370159804,903,"Skagerrak & Kattegat"
59.328747998066,23.8477853634152,904,"Gulf of Finland"
59.3412988744353,24.0348679869076,905,"Gulf of Finland"
59.364308923296,18.8487766762665,906,"N Baltic"
59.3580429416039,18.9675897321909,907,"N Baltic"
59.3820840955636,10.5039567904632,908,"Skagerrak & Kattegat"
59.3846720465298,10.6233871716246,909,"Skagerrak & Kattegat"
59.3769883430901,23.9876543988154,910,"Gulf of Finland"
59.3851325069282,19.0332529616747,911,"N Baltic"
59.3893087844671,24.1751052922982,912,"Gulf of Finland"
59.4138085073502,10.5611259410187,913,"Skagerrak & Kattegat"
59.4132521575043,24.2453969748608,914,"Gulf of Finland"
59.4303614736978,27.8166926959688,915,"Gulf of Finland"
59.442914520366,10.4987402036982,916,"Skagerrak & Kattegat"
59.4371543095616,24.3158041079338,917,"Gulf of Finland"
59.4458746912731,27.7008809828794,918,"Gulf of Finland"
59.4625917635413,27.0907519905711,919,"Gulf of Finland"
59.4719899647518,10.4362297341855,920,"Skagerrak & Kattegat"
59.4726750535094,24.5744811487097,921,"Gulf of Finland"
59.4697277090523,27.279775381675,922,"Gulf of Finland"
59.4840215190088,24.7627843304357,923,"Gulf of Finland"
59.4854561219488,18.8732248782803,924,"N Baltic"
59.4920084993295,26.8580017880381,925,"Gulf of Finland"
59.5010347193689,10.3735943072882,926,"Skagerrak & Kattegat"
59.4968720555885,24.3393510915842,927,"Gulf of Finland"
59.4963776846471,24.645301314007,928,"Gulf of Finland"
59.4951019328672,28.0367348209801,929,"Gulf of Finland"
59.5057723689549,25.1398214796795,930,"Gulf of Finland"
59.5188573128402,18.8196367315592,931,"N Baltic"
59.5161759489234,25.3285476001473,932,"Gulf of Finland"
59.5300486627654,10.3108336981073,933,"Skagerrak & Kattegat"
59.5328432744356,10.4308551056693,934,"Skagerrak & Kattegat"
59.5291225161078,25.2111797384489,935,"Gulf of Finland"
59.5445360535142,24.4808409604827,936,"Gulf of Finland"
59.5436573115576,24.7872879966165,937,"Gulf of Finland"
59.5394078228827,25.400082620971,938,"Gulf of Finland"
59.5524301107443,25.2826526805252,939,"Gulf of Finland"
59.5539324954013,28.0679299208384,940,"Gulf of Finland"
59.5577208154252,26.5805118761124,941,"Gulf of Finland"
59.571968015709,26.4635600537282,942,"Gulf of Finland"
59.5794705819674,18.831839564855,943,"N Baltic"
59.5796945730996,24.7406752893804,944,"Gulf of Finland"
59.5938900243703,19.1374168141565,945,"N Baltic"
59.5860951510752,26.3464938169097,946,"Gulf of Finland"
59.6003422047695,19.0176736005697,947,"N Baltic"
59.6033046708632,24.811892512299,948,"Gulf of Finland"
59.6015271498885,25.1189409019227,949,"Gulf of Finland"
59.6139884219405,26.1120213488015,950,"Gulf of Finland"
59.6209104236831,19.2037734367102,951,"N Baltic"
59.6184586663258,25.8049337103126,952,"Gulf of Finland"
59.6319061720007,25.6873673830792,953,"Gulf of Finland"
59.637710506949,25.0726485317698,954,"Gulf of Finland"
59.6413990314242,25.8771010230748,955,"Gulf of Finland"
59.6503980652327,24.9546749882642,956,"Gulf of Finland"
59.6452324555685,25.5696923372781,957,"Gulf of Finland"
59.6505745486723,26.066957018603,958,"Gulf of Finland"
59.6609571364992,19.0303257125194,959,"N Baltic"
59.6642958697018,25.9493826593637,960,"Gulf of Finland"
59.6778961014335,25.8316972414458,961,"Gulf of Finland"
59.6944606264539,18.97659388275,962,"N Baltic"
59.6880488276993,19.0967361291407,963,"N Baltic"
59.6983342002529,28.3955492201671,964,"Gulf of Finland"
59.7143812580854,25.7861787598844,965,"Gulf of Finland"
59.724806015686,27.9713472245599,966,"Gulf of Finland"
59.742125711085,19.2299305405488,967,"N Baltic"
59.7519014190428,28.2365368286788,968,"Gulf of Finland"
59.7571209648381,28.4276957965053,969,"Gulf of Finland"
59.8027571113673,19.2430916539868,970,"N Baltic"
59.8030637798984,22.3651220604141,971,"N Baltic"
59.801304521312,23.102819882583,972,"Gulf of Finland"
59.804242067152,28.7683840634997,973,"Gulf of Finland"
59.8119426337968,22.9833825131415,974,"N Baltic"
59.8052589891805,28.0769342624577,975,"Gulf of Finland"
59.8174652338162,23.6019520872862,976,"Gulf of Finland"
59.8259614046149,23.1732133356146,977,"Gulf of Finland"
59.8321495710966,27.1503416415166,978,"Gulf of Finland"
59.8252828985839,28.8432793207223,979,"Gulf of Finland"
59.8381129669115,22.3150967175196,980,"N Baltic"
59.847925724583,22.1952283667732,981,"N Baltic"
59.8530518545236,23.5534195278983,982,"Gulf of Finland"
59.8603628301185,21.6456859615587,983,"N Baltic"
59.8583569543156,28.6094825790116,984,"Gulf of Finland"
59.8661225172425,23.7437870318375,985,"Gulf of Finland"
59.8672228311276,28.9933980030812,986,"Gulf of Finland"
59.8786818800709,20.9753305668583,987,"N Baltic"
59.8829074984123,22.1449180422274,988,"N Baltic"
59.8782771643465,22.5747695820776,989,"N Baltic"
59.8774353763503,23.6243236781191,990,"Gulf of Finland"
59.891312260011,27.180081907554,991,"Gulf of Finland"
59.8860650297318,30.1463236651606,992,"Gulf of Finland"
59.9035762318934,19.081468675602,993,"N Baltic"
59.9007567746477,20.1835063951922,994,"N Baltic"
59.8983264600206,22.3347928201933,995,"N Baltic"
59.9146140245485,23.8861018301237,996,"Gulf of Finland"
59.9178565815624,22.8351636163341,997,"N Baltic"
59.9218130637625,29.9135829294494,998,"Gulf of Finland"
59.934838151199,20.1306833570946,999,"N Baltic"
59.9333779696219,22.2845643654416,1000,"N Baltic"
59.92821933617,22.7151438799899,1001,"N Baltic"
59.9384565198062,22.595037996564,1002,"N Baltic"
59.9395112986537,29.7969960670814,1003,"Gulf of Finland"
59.9443800787185,30.1822550204491,1004,"Gulf of Finland"
59.9536008700459,20.3197127056682,1005,"N Baltic"
59.9512141808325,24.4593577685089,1006,"Gulf of Finland"
59.9634422536028,22.6653289792485,1007,"N Baltic"
59.9629387235214,24.0288971564545,1008,"Gulf of Finland"
59.957092011655,29.6802658056688,1009,"Gulf of Finland"
59.9720525454378,20.5089874235686,1010,"N Baltic"
59.9650828566555,21.0611076533256,1011,"N Baltic"
59.974554953774,29.5633928512903,1012,"Gulf of Finland"
59.9750424647484,24.5312660437144,1013,"Gulf of Finland"
59.98455080865,29.0606536719779,1014,"Gulf of Finland"
59.9775451691101,29.7562200212074,1015,"Gulf of Finland"
59.9825513213853,30.1419841387308,1016,"Gulf of Finland"
59.9877535691008,20.2669543626954,1017,"N Baltic"
59.9883876662602,22.7357424452874,1018,"N Baltic"
59.987038196535,24.1004752230856,1019,"Gulf of Finland"
59.9918998771246,29.4463779165015,1020,"Gulf of Finland"
60.004212730646,18.9187084591798,1021,"N Baltic"
60.0029437576916,20.0246602723026,1022,"N Baltic"
59.9983076676255,20.5774964510365,1023,"N Baltic"
59.9979498293754,29.8322825668767,1024,"Gulf of Finland"
60.0132926277321,22.8062785018554,1025,"N Baltic"
60.0110955790945,24.1721736658231,1026,"Gulf of Finland"
60.0137157849752,27.9363358275213,1027,"Gulf of Finland"
60.0054166869938,29.1362342945981,1028,"Gulf of Finland"
60.0091265349401,29.3292217203281,1029,"Gulf of Finland"
60.0171989639616,26.928816286964,1030,"Gulf of Finland"
60.0262346815868,29.2119249882576,1031,"Gulf of Finland"
60.0377171498038,18.8642007127299,1032,"N Baltic"
60.0360066639187,29.7914701398748,1033,"Gulf of Finland"
60.0483247503499,20.2824271076581,1034,"N Baltic"
60.0538828924621,22.3240422183887,1035,"N Baltic"
60.0535894701877,29.6743425477755,1036,"Gulf of Finland"
60.0586433305243,24.6279057488333,1037,"Gulf of Finland"
60.0709724753398,19.9181321226197,1038,"N Baltic"
60.0747246015263,20.3509104328574,1039,"N Baltic"
60.078265162864,19.7965739684289,1040,"N Baltic"
60.0768456154457,20.7837776771044,1041,"N Baltic"
60.0773351055294,21.216684459311,1042,"N Baltic"
60.0761929767791,21.6495813563506,1043,"N Baltic"
60.0823774063835,24.7002246246754,1044,"Gulf of Finland"
60.0984738240516,18.8767203629209,1045,"N Baltic"
60.101086788276,20.4195202891458,1046,"N Baltic"
60.1029486905541,20.8527899578343,1047,"N Baltic"
60.1031773547027,21.2860913439115,1048,"N Baltic"
60.1017727362715,21.7193748883862,1049,"N Baltic"
60.0987187779415,27.0325284756952,1050,"Gulf of Finland"
60.1112309225126,20.7313485018864,1051,"N Baltic"
60.1083881929326,22.0315728282186,1052,"N Baltic"
60.1141556743994,22.3439061872063,1053,"N Baltic"
60.1060685017978,24.7726636195169,1054,"Gulf of Finland"
60.1148419782057,29.9032891836688,1055,"Gulf of Finland"
60.1193851271993,20.6098371148275,1056,"N Baltic"
60.1319729482247,18.8219831866075,1057,"N Baltic"
60.1274111798951,20.48825683021,1058,"N Baltic"
60.1337390158533,22.1017858268906,1059,"N Baltic"
60.1393160237891,22.4144096830096,1060,"N Baltic"
60.1406409491505,25.0379744645047,1061,"Gulf of Finland"
60.1435200396262,29.2804550867151,1062,"Gulf of Finland"
60.1461049580976,19.6892212911158,1063,"N Baltic"
60.1536976454239,20.5571202088464,1064,"N Baltic"
60.1464812658245,21.1127439002027,1065,"N Baltic"
60.1547450923608,21.4252821394001,1066,"N Baltic"
60.1533212298257,24.9179022343225,1067,"Gulf of Finland"
60.146988472094,29.4743946550501,1068,"Gulf of Finland"
60.1615218177561,25.4239101078836,1069,"Gulf of Finland"
60.1746057313009,25.3039235166992,1070,"Gulf of Finland"
60.1706094216847,29.7448396012702,1071,"Gulf of Finland"
60.1799460536477,20.6261105769499,1072,"N Baltic"
60.1810273611807,21.0605844517541,1073,"N Baltic"
60.1804703181631,21.4950663213719,1074,"N Baltic"
60.176882601305,24.9907019850428,1075,"Gulf of Finland"
60.1847631448167,25.4971461037965,1076,"Gulf of Finland"
60.1811092803117,25.8103939921603,1077,"Gulf of Finland"
60.1869917711507,19.5132594505756,1078,"N Baltic"
60.1879914397501,20.5042763132464,1079,"N Baltic"
60.187565346637,25.1838272174225,1080,"Gulf of Finland"
60.1959082514694,20.3823737577567,1081,"N Baltic"
60.1969902453672,21.6865655638169,1082,"N Baltic"
60.1979247321035,25.3770951642284,1083,"Gulf of Finland"
60.2041063346489,25.8839939323516,1084,"Gulf of Finland"
60.2061562730971,21.564976538549,1085,"N Baltic"
60.2109619838976,25.2569337243457,1086,"Gulf of Finland"
60.2079603571815,25.570501580842,1087,"Gulf of Finland"
60.2222664062328,20.451305058844,1088,"N Baltic"
60.2240059994206,20.8864215714942,1089,"N Baltic"
60.2211997341059,25.4503866359487,1090,"Gulf of Finland"
60.2318028252295,21.635012923954,1091,"N Baltic"
60.2343147389939,25.330160396151,1092,"Gulf of Finland"
60.2270587841435,25.9577127520245,1093,"Gulf of Finland"
60.2405217203055,20.6424533749428,1094,"N Baltic"
60.2444306064424,25.5237979859909,1095,"Gulf of Finland"
60.248093686176,21.8269379433311,1096,"N Baltic"
60.2542219150552,25.7175711831659,1097,"Gulf of Finland"
60.2587574385027,21.269518426997,1098,"N Baltic"
60.2574098423915,21.7051756095817,1099,"N Baltic"
60.2728293464823,26.1055072027417,1100,"Gulf of Finland"
60.2698860873815,28.8416798038553,1101,"Gulf of Finland"
60.2815460481388,19.4729782124864,1102,"N Baltic"
60.2828784899713,20.4672992058246,1103,"N Baltic"
60.2845564803051,20.9033449497739,1104,"N Baltic"
60.2760854205235,21.0254764898045,1105,"N Baltic"
60.2845893831977,21.3394169619207,1106,"N Baltic"
60.2817763416713,28.5282369391565,1107,"Gulf of Finland"
60.2865142774831,28.7230165882762,1108,"Gulf of Finland"
60.3020669148759,21.0951951320765,1109,"N Baltic"
60.2956471979318,26.1795829166404,1110,"Gulf of Finland"
60.3084553405759,19.5412645733442,1111,"N Baltic"
60.3091963715251,20.536520591583,1112,"N Baltic"
60.3103820665764,21.4094426669546,1113,"N Baltic"
60.3085047419581,21.8458804042801,1114,"N Baltic"
60.3076319985262,28.7991523799282,1115,"Gulf of Finland"
60.3249772932721,20.291623437338,1116,"N Baltic"
60.3171514824607,20.414106067341,1117,"N Baltic"
60.3244500040305,22.0384431693096,1118,"N Baltic"
60.3194083604773,28.4852753358426,1119,"Gulf of Finland"
60.3282236619198,19.7323888291145,1120,"N Baltic"
60.3273172730533,20.7283090873978,1121,"N Baltic"
60.3270536024438,21.6017696961065,1122,"N Baltic"
60.3323769899254,26.1335209550986,1123,"Gulf of Finland"
60.3435053665763,20.4833617713303,1124,"N Baltic"
60.3434064259088,21.7943207813603,1125,"N Baltic"
60.341147386922,26.328091517718,1126,"Gulf of Finland"
60.353912807744,21.2350155013942,1127,"N Baltic"
60.3450884703718,21.3573439347946,1128,"N Baltic"
60.3498218874769,22.1091978592231,1129,"N Baltic"
60.3621626619359,19.6782260500618,1130,"N Baltic"
60.359175901056,20.2381390377008,1131,"N Baltic"
60.3708774577751,21.4275355522133,1132,"N Baltic"
60.3721486188308,26.5973907243838,1133,"Gulf of Finland"
60.3797769401422,21.3051175128766,1134,"N Baltic"
60.3782907213026,21.742634083472,1135,"N Baltic"
60.3848472613755,22.0578880875478,1136,"N Baltic"
60.3779439495961,26.2821483036111,1137,"Gulf of Finland"
60.3856401079908,20.3073335284956,1138,"N Baltic"
60.3879196818474,20.7449558251897,1139,"N Baltic"
60.3875232193133,21.620284173551,1140,"N Baltic"
60.3946605055447,26.6721200100433,1141,"Gulf of Finland"
60.3878040462932,26.9874555269646,1142,"Gulf of Finland"
60.4009403564301,20.0616509128409,1143,"N Baltic"
60.4140835635357,20.814691771626,1144,"N Baltic"
60.4144473730877,21.2527630182957,1145,"N Baltic"
60.4102142801013,22.1288112874545,1146,"N Baltic"
60.4229157078434,19.6926397942032,1147,"N Baltic"
60.4198555296315,22.0064512457006,1148,"N Baltic"
60.4248678008148,26.9422975280527,1149,"Gulf of Finland"
60.4317509709669,21.0073665324911,1150,"N Baltic"
60.4313869097275,21.4457058929966,1151,"N Baltic"
60.442443495664,19.8846427386199,1152,"N Baltic"
60.4350443111074,20.0077449680489,1153,"N Baltic"
60.4403079358117,21.3230314291448,1154,"N Baltic"
60.4387519062642,21.7614835235413,1155,"N Baltic"
60.4395464624484,26.8219351311051,1156,"Gulf of Finland"
60.4540515489216,20.200043473013,1157,"N Baltic"
60.4490996660095,21.2002800671224,1158,"N Baltic"
60.4544490669954,27.2130468658563,1159,"Gulf of Finland"
60.446119072184,27.5288960187364,1160,"Gulf of Finland"
60.4525443503026,27.7246173517893,1161,"Gulf of Finland"
60.4536209114737,28.4319569334108,1162,"Gulf of Finland"
60.4616551777868,20.0769090292888,1163,"N Baltic"
60.457761963427,21.0774528624952,1164,"N Baltic"
60.4661289812283,21.3934284376657,1165,"N Baltic"
60.4694102794049,27.0926998744773,1166,"Gulf of Finland"
60.4680347332843,27.6045531603137,1167,"Gulf of Finland"
60.4743330345482,27.8004430210527,1168,"Gulf of Finland"
60.4805500199571,20.2694348694924,1169,"N Baltic"
60.4837337153092,21.147668274403,1170,"N Baltic"
60.4828382599886,21.5868076753249,1171,"N Baltic"
60.4923416728553,21.024674330892,1172,"N Baltic"
60.4916117887361,27.1680788638899,1173,"Gulf of Finland"
60.5019150819667,28.0725271433711,1174,"Gulf of Finland"
60.5096660922862,21.2180129136635,1175,"N Baltic"
60.5065288839556,27.0475495784707,1176,"Gulf of Finland"
60.5137666360396,27.2435764230029,1177,"Gulf of Finland"
60.5117245806835,27.7562196078945,1178,"Gulf of Finland"
60.5126044702375,28.4650423123179,1179,"Gulf of Finland"
60.5529466666371,21.042056619396,1180,"N Baltic"
60.5664695793195,28.3015540256472,1181,"Gulf of Finland"
60.5715945665808,28.498266378912,1182,"Gulf of Finland"
60.5878917043162,28.378129457217,1183,"Gulf of Finland"
60.6049160269702,21.1830273493127,1184,"N Baltic"
60.6655283773232,21.2008214362815,1185,"N Baltic"
60.6914500292672,21.2716713966805,1186,"N Baltic"
60.7173317773307,21.342652339371,1187,"N Baltic"
60.7520727380213,21.289712520899,1188,"N Baltic"
60.7867952334583,21.2366411765996,1189,"N Baltic"
60.7955086422585,21.1123403100906,1190,"N Baltic"
60.8127093996329,21.3078319616821,1191,"N Baltic"
60.8561844048375,21.130102312026,1192,"N Baltic"
60.9428573380912,21.2193827689097,1193,"N Baltic"
61.0035573006762,21.2374730546047,1194,"N Baltic"
61.0294962454971,21.3092210081546,1195,"N Baltic"
61.1161003286772,21.399621827374,1196,"N Baltic"
